price,area,bedrooms,bathrooms,stories,mainroad,guestroom,basement,hotwaterheating,airconditioning,parking,prefarea,furnishingstatus,price_per_area,cluster,pca1,pca2,distance_to_centroid,anomaly
13300000,7420,4,2,3,1,0,0,0,1,2,1,0,1792.4528301886792,2,3.4864149367974844,0.08941706139131494,2.355296037577062,False
12250000,8960,4,4,4,1,0,0,0,1,3,0,0,1367.1875,2,6.083345607069222,1.881069058291061,5.4040675778315785,True
12250000,9960,3,2,2,1,0,1,0,0,2,1,1,1229.9196787148594,2,1.784976909526176,1.8862976251769443,2.6360810721603616,False
12215000,7500,4,2,2,1,0,1,0,1,3,1,0,1628.6666666666667,2,3.0159898920722963,0.991918452617836,2.9567186860847996,False
11410000,7420,4,1,2,1,1,1,0,1,2,0,0,1537.7358490566037,2,1.6093040646042225,0.5007203524613532,2.6579414369339265,False
10850000,7500,3,3,1,1,0,1,0,1,2,1,1,1446.6666666666667,2,2.299953760186302,0.9693459846581196,3.384221880441398,True
10150000,8580,4,3,4,1,0,0,0,1,2,1,1,1182.983682983683,2,4.562743987844133,1.4428347837048243,3.4062618174759685,True
10150000,16200,5,3,2,1,0,0,0,0,0,0,2,626.5432098765432,2,3.494627934760158,4.07642489395614,6.1567700010535695,True
9870000,8100,4,1,2,1,1,1,0,1,2,1,0,1218.5185185185185,1,1.3297658414320783,1.2339184701060115,2.3687597352723073,False
9800000,5750,3,2,4,1,1,0,0,1,1,1,2,1704.3478260869565,2,2.8855496407169032,-0.9657233774093508,2.2837230722134225,False
9800000,13200,3,1,2,1,0,1,0,1,2,1,0,742.4242424242424,1,0.46372747203612397,3.605266871290669,2.7610112559071602,False
9681000,6000,4,3,2,1,1,1,1,0,2,0,1,1613.5,2,3.6676174845644947,0.14506559543531522,2.8882736112986387,False
9310000,6550,4,2,2,1,0,0,0,1,1,1,1,1421.3740458015268,2,2.1991052767409793,0.020321981357398322,1.1514538344909782,False
9240000,3500,4,2,2,1,0,0,1,0,2,0,0,2640.0,2,3.5096038866032533,-2.4266861511247413,4.409800251477733,True
9240000,7800,3,2,2,1,0,0,0,0,0,1,1,1184.6153846153845,2,1.0540338045301847,0.26292695411121414,1.8485327482214633,False
9100000,6000,4,1,2,1,0,1,0,0,2,0,1,1516.6666666666667,2,1.4961598863773948,0.0753862343169946,2.4903244931894997,False
9100000,6600,4,2,2,1,1,1,0,1,1,1,2,1378.7878787878788,2,2.1591805343344217,0.10496892511534311,1.1126736063267368,False
8960000,8500,3,2,4,1,0,0,0,1,2,0,0,1054.1176470588234,2,2.6770746764030524,1.4679998544244277,2.692443463780738,False
8890000,4600,3,2,2,1,1,0,0,1,2,0,0,1932.608695652174,2,2.150597984641982,-0.9769752538655703,2.595803575839297,False
8855000,6420,3,2,2,1,0,0,0,1,1,1,1,1379.2834890965732,2,1.4348055002304991,0.0024772677786438213,1.1918500697870245,False
8750000,4320,3,1,2,1,0,1,1,0,2,0,1,2025.462962962963,2,1.1899333784273174,-1.3295240267898742,3.3398749139653257,True
8680000,7155,3,2,1,1,1,1,0,1,2,0,2,1213.1376659678547,1,1.0043301451248565,1.1205929343553007,2.3713143580134823,False
8645000,8050,3,1,1,1,1,1,0,1,1,0,0,1073.9130434782608,1,-0.3882700503537833,1.022354633070396,1.3951107189237026,False
8645000,4560,3,2,2,1,1,1,0,1,1,0,0,1895.8333333333333,2,1.8380423604061538,-1.4296259275472822,2.1884631736805362,False
8575000,8800,3,2,2,1,0,0,0,1,2,0,0,974.4318181818181,1,1.4510796378860633,1.9219840264025578,2.1852702916664724,False
8540000,6540,4,2,2,1,1,1,0,1,2,1,0,1305.8103975535169,2,2.354048212080234,0.701760459697607,1.6247227142924212,False
8463000,6000,3,2,4,1,1,1,0,1,0,1,1,1410.5,2,2.3312228280734497,-0.9112251387166797,2.2058272982966987,False
8400000,8875,3,1,1,1,0,0,0,0,1,0,1,946.4788732394367,1,-0.4640817744441413,1.4940617374329472,1.2667541536191023,False
8400000,7950,5,2,2,1,0,1,1,0,2,0,2,1056.6037735849056,2,2.905889705002337,1.6019419871579694,2.718384249474175,False
8400000,5500,4,2,2,1,0,1,0,1,1,1,1,1527.2727272727273,2,2.238548299570602,-0.4895191987931177,1.2152738814787134,False
8400000,7475,3,2,4,1,0,0,0,1,2,0,2,1123.7458193979933,2,2.6813771852042336,1.0245654672047473,2.4418726392083796,False
8400000,7000,3,1,4,1,0,0,0,1,2,0,1,1200.0,2,1.6912847018154187,0.6356482964898383,2.9421568561030265,False
8295000,4880,4,2,2,1,0,0,0,1,1,1,0,1699.795081967213,2,2.373304203605944,-0.9674321518180898,1.6161861340659944,False
8190000,5960,3,3,2,1,1,1,0,0,1,0,2,1374.1610738255033,2,2.43654207898476,-0.025352649666192162,2.4579545632374673,False
8120000,6840,5,1,2,1,1,1,0,1,1,0,0,1187.1345029239767,2,1.657051314313931,0.4215483325140115,2.7952040556425235,False
8080940,7000,3,2,4,1,0,0,0,1,2,0,0,1154.42,2,2.6817571552954225,0.8216322362685848,2.355393101478117,False
8043000,7482,3,2,3,1,0,0,1,0,1,1,0,1074.979951884523,2,1.7773915112519998,0.7208118112786345,1.4231330227318086,False
7980000,9000,4,2,4,1,0,0,0,1,2,0,0,886.6666666666666,2,3.252942584500643,1.9424360995102106,2.9068984947028715,False
7962500,6000,3,1,4,1,1,0,0,1,2,0,2,1327.0833333333333,2,1.7554284139512069,0.10791219855459228,2.8727075178214387,False
7910000,6000,4,2,4,1,0,0,0,1,1,0,1,1318.3333333333333,2,3.2237643217105476,-0.22068986948591046,1.8078241141644416,False
7875000,6550,3,1,2,1,0,1,0,1,0,1,0,1202.2900763358778,0,-0.045521306295000376,-0.28242260268237457,1.4755896153749244,False
7840000,6360,3,2,4,1,0,0,0,1,0,1,0,1232.7044025157234,2,2.174315909562899,-0.5089141672023012,2.1780693869707672,False
7700000,6480,3,2,4,1,0,0,0,1,2,0,2,1188.2716049382716,2,2.682448209663035,0.5990372682250381,2.2850658949355496,False
7700000,6000,4,2,4,1,0,0,0,0,2,0,1,1283.3333333333333,2,3.460996991182225,0.33443819618319154,2.187663296045459,False
7560000,6000,4,2,4,1,0,0,0,1,1,0,0,1260.0,2,3.1646492449972934,-0.12689134697295773,1.795284388692019,False
7560000,6000,3,2,3,1,0,0,0,1,0,0,1,1260.0,2,1.5963888670351032,-0.554807659417998,1.4576695923216876,False
7525000,6000,3,2,4,1,0,0,0,1,1,0,0,1254.1666666666667,2,2.4454961379815576,-0.1609961462206359,1.8666498642615417,False
7490000,6600,3,1,4,1,0,0,0,1,3,1,0,1134.8484848484848,2,1.872104704184958,1.1099035081359416,3.571928550254024,True
7455000,4300,3,2,2,1,0,1,0,0,1,0,2,1733.7209302325582,2,1.656950334615068,-1.2530345117548618,1.8315623966748915,False
7420000,7440,3,2,1,1,1,1,0,1,0,1,1,997.3118279569892,2,0.25863169697821314,0.5621034663145813,2.5248988184745826,False
7420000,7440,3,2,4,1,0,0,0,0,1,1,2,997.3118279569892,2,2.278284601832292,0.717700544830122,2.183034039473112,False
7420000,6325,3,1,4,1,0,0,0,1,1,0,2,1173.1225296442688,2,1.3477114966432262,-0.03827015290519703,2.604015058696996,False
7350000,6000,4,2,4,1,1,0,0,1,1,0,0,1225.0,2,3.1291801989693404,-0.07061223346518591,1.795324243704895,False
7350000,5150,3,2,4,1,0,0,0,1,2,0,1,1427.1844660194174,2,2.8385880196371787,-0.21523635239762412,2.2961753674438286,False
7350000,6000,3,2,2,1,1,0,0,1,1,0,1,1225.0,2,1.251304473388631,0.11473769746636692,1.0636225592834745,False
7350000,6000,3,1,2,1,0,0,0,1,1,0,2,1225.0,0,0.2146411879670826,0.002045243221455717,1.5742148813537256,False
7343000,11440,4,1,2,1,0,1,0,0,1,1,1,641.8706293706293,1,0.68859503139434,2.742425036087968,2.613577160867911,False
7245000,9000,4,2,4,1,1,0,0,1,1,1,0,805.0,2,2.897479761602457,1.5749050788670143,2.7275138407680064,False
7210000,7680,4,2,4,1,1,0,0,1,1,0,1,938.8020833333334,2,2.947746598227323,0.9328808197477951,2.233116129795475,False
7210000,6000,3,2,4,1,1,0,0,1,1,0,0,1201.6666666666667,2,2.3922925689396286,-0.07657747595897829,1.8701259012065825,False
7140000,6000,3,2,2,1,1,0,0,0,1,0,1,1190.0,2,1.2158354273606784,0.17101681097413868,1.073254525426236,False
7070000,8880,2,1,1,1,0,0,0,1,1,0,1,796.1711711711712,1,-1.3293221832068924,1.693885010397484,1.5561053299262628,False
7070000,6240,4,2,2,1,0,0,0,1,1,0,0,1133.0128205128206,2,1.886840393267316,0.38374883971641954,1.0173946445227477,False
7035000,6360,4,2,3,1,0,0,0,1,2,1,0,1106.132075471698,2,2.722375314108717,0.8502107758532672,1.591064300409477,False
7000000,11175,3,1,1,1,0,1,0,1,1,1,0,626.3982102908277,1,-0.6397737177334487,2.75253876485597,1.885582837709564,False
6930000,8880,3,2,2,1,0,1,0,1,1,0,0,780.4054054054054,1,0.9869227169168768,1.7609957769566331,2.131667956386335,False
6930000,13200,2,1,1,1,0,1,1,0,1,0,0,525.0,1,-1.3248709191300143,3.526963233666635,2.9950025984425603,False
6895000,7700,3,2,1,1,0,0,0,0,2,0,2,895.4545454545455,1,0.7176199272358514,1.8076665233783746,1.9323125147538758,False
6860000,6000,3,1,1,1,0,0,0,1,1,0,0,1143.3333333333333,0,-0.45043698254962333,0.24778046595485304,1.5671940424444217,False
6790000,12090,4,2,2,1,0,0,0,0,2,1,0,561.6211745244003,1,1.9586528874827323,3.6932085891858195,3.284576580398448,True
6790000,4000,3,2,2,1,0,1,0,1,0,1,1,1697.5,2,1.32814946928733,-1.790657920542508,2.09332653310319,False
6755000,6000,4,2,4,1,0,0,0,1,0,0,2,1125.8333333333333,2,2.7559828530571777,-0.41000369735449593,2.117120248152922,False
6720000,5020,3,1,4,1,0,0,0,1,0,1,2,1338.6454183266933,2,1.1583921641996093,-1.2252987760002494,2.7999417526628023,False
6685000,6600,2,2,4,1,0,1,0,0,0,1,0,1012.8787878787879,2,1.2538169924536746,-0.12131136216593705,3.0381545645389156,True
6650000,4040,3,1,2,1,0,1,1,0,1,0,0,1646.039603960396,0,0.5146235745436955,-1.3088188365314437,2.220010100212631,False
6650000,4260,4,2,2,1,0,0,1,0,0,0,1,1561.0328638497654,2,1.9199021966885697,-1.443656348247219,1.7588314490508103,False
6650000,6420,3,2,3,1,0,0,0,1,0,1,0,1035.8255451713396,2,1.3963601157990158,-0.058517300988974286,1.6173500179137057,False
6650000,6500,3,2,3,1,0,0,0,1,0,1,0,1023.0769230769231,2,1.3886120618021818,-0.012146694223001908,1.641847917132777,False
6650000,5700,3,1,1,1,1,1,0,1,2,1,0,1166.6666666666667,1,-0.17348204786154625,0.6120932140871078,1.736464541238056,False
6650000,6000,3,2,3,1,1,0,0,1,0,0,0,1108.3333333333333,2,1.4426896675806418,-0.3109315008843203,1.5076595684243719,False
6629000,6000,3,1,2,1,0,0,1,0,1,1,1,1104.8333333333333,0,0.09286412993777836,0.19527019959813882,1.4484282592094202,False
6615000,4000,3,2,2,1,0,1,0,1,1,0,1,1653.75,2,1.556514877252019,-1.2214600764964634,1.708337907099058,False
6615000,10500,3,2,1,1,0,1,0,1,1,1,0,630.0,1,0.35690580024810886,2.641151843672159,2.359184054136057,False
6580000,6000,3,2,4,1,0,0,0,1,0,0,1,1096.6666666666667,2,2.0131837153561407,-0.4065890875969931,2.1929252592353787,False
6510000,3760,3,1,2,1,0,0,1,0,2,0,1,1731.3829787234042,2,0.8557124208648309,-1.037748878071185,2.8932530416848676,False
6510000,8250,3,2,3,1,0,0,0,1,0,0,0,789.0909090909091,2,1.2646150612490608,0.9300281940930443,2.3335332280067123,False
6510000,6670,3,1,3,1,0,1,0,0,0,1,2,976.0119940029984,0,0.3152423752109836,0.005816249252863781,2.067982097248589,False
6475000,3960,3,1,1,1,0,1,0,0,2,0,1,1635.1010101010102,0,0.18875162512373894,-0.7038347566251898,2.914678828392828,False
6475000,7410,3,1,1,1,1,1,0,1,2,1,2,873.8191632928475,1,-0.35971506736767417,1.6359803138045246,0.8508674886870858,False
6440000,8580,5,3,2,1,0,0,0,0,2,0,0,750.5827505827506,2,3.6731557874134353,2.4104437649331354,3.8281150101609174,True
6440000,5000,3,1,2,1,0,0,0,1,0,0,1,1288.0,0,-0.058858949671748685,-0.9214954300001766,1.2026125582202956,False
6419000,6750,2,1,1,1,1,1,0,0,2,1,0,950.9629629629629,1,-1.0374432239688653,1.2550134373085493,1.5378348342850943,False
6405000,4800,3,2,4,1,1,0,0,1,0,0,0,1334.375,2,2.176506406975233,-1.1768852469328517,2.1737112065852933,False
6300000,7200,3,2,1,1,0,1,0,1,3,0,1,875.0,1,0.9372716269776342,2.177711208177584,2.4729633194981666,False
6300000,6000,4,2,4,1,0,0,0,0,1,0,1,1050.0,2,2.9518349688295773,0.21078333407367278,1.878960621851683,False
6300000,4100,3,2,3,1,0,0,0,1,2,0,1,1536.5853658536585,2,2.2992631320434698,-0.6162917197552361,1.888817881089117,False
6300000,9000,3,1,1,1,0,1,0,0,1,1,0,700.0,1,-0.7057834506018086,1.9308171872922344,1.090606309550968,False
6300000,6400,3,1,1,1,1,1,0,1,1,1,1,984.375,1,-0.5856684845974353,0.6327371665011748,1.309611808107289,False
6293000,6600,3,2,3,1,0,0,0,1,0,1,2,953.4848484848485,2,1.3245516323900761,0.13209453074330596,1.7430020971808042,False
6265000,6000,4,1,3,1,1,1,0,0,0,1,2,1044.1666666666667,2,1.0542413971189235,-0.27696092886601026,2.312317060490366,False
6230000,6600,3,2,1,1,0,1,0,1,0,1,2,943.939393939394,0,0.15024412996433525,0.3762779623123153,2.400986122764966,False
6230000,5500,3,1,3,1,0,0,0,0,1,1,2,1132.7272727272727,2,0.6711275954258716,-0.12569449802829305,2.0419388324438654,False
6195000,5500,3,2,4,1,1,0,0,1,1,0,1,1126.3636363636363,2,2.283659026505942,-0.11718676890632257,1.8793262610288426,False
6195000,6350,3,2,3,1,1,0,0,1,0,0,0,975.5905511811023,2,1.3307929043259445,0.01570179152211268,1.6811064150192727,False
6195000,5500,3,2,1,1,1,1,0,0,2,1,0,1126.3636363636363,2,0.809409552651123,0.7249140569007969,2.3548463552716243,False
6160000,4500,3,1,4,1,0,0,0,1,0,0,2,1368.888888888889,2,1.1554267304455053,-1.442091955355154,2.8368504873085527,False
6160000,5450,4,2,1,1,0,1,0,1,0,1,1,1130.2752293577983,2,0.9779795992311558,-0.25175840422062423,2.206932731218842,False
6125000,6420,3,1,3,1,0,1,0,0,0,1,2,954.0498442367601,0,0.2768252275084189,-0.03971649937460558,2.0045562063766647,False
6107500,3240,4,1,3,1,0,0,0,0,1,0,1,1885.030864197531,2,2.0006621304326235,-2.022754822851959,2.878033092245956,False
6090000,6615,4,2,2,1,1,0,1,0,1,0,1,920.6349206349206,2,1.6958573646072657,0.8465181173183016,1.3987946748495708,False
6090000,6600,3,1,1,1,1,1,0,0,2,1,1,922.7272727272727,1,-0.36251211599004585,1.2953919660311384,1.0402099869462946,False
6090000,8372,3,1,3,1,0,0,0,1,2,0,2,727.4247491638796,1,0.7187490492692389,1.9536447640744639,2.0327990694994327,False
6083000,4300,6,2,2,1,0,0,0,0,0,0,0,1414.6511627906978,2,3.200627695219425,-1.1083734048833063,3.603366694037577,True
6083000,9620,3,1,1,1,0,1,0,0,2,1,0,632.3284823284823,1,-0.4615816630107492,2.7389816022442366,1.1845067883100526,False
6020000,6800,2,1,1,1,1,1,0,0,2,0,0,885.2941176470588,1,-1.1007599829225985,1.3767767431303815,1.453937338798271,False
6020000,8000,3,1,1,1,1,1,0,1,2,1,1,752.5,1,-0.44452087104976584,2.021858152445594,0.731108048498045,False
6020000,6900,3,2,1,1,1,1,0,0,0,1,2,872.463768115942,0,0.09720344825522605,0.588225753300697,2.487041901674757,False
5950000,3700,4,1,2,1,1,0,0,1,0,0,0,1608.1081081081081,0,0.8947451109122143,-1.813142620299247,2.5968454364173654,False
5950000,6420,3,1,1,1,0,1,0,1,0,1,0,926.791277258567,0,-0.9154327663508963,0.23294916834234716,1.3772073785296184,False
5950000,7020,3,1,1,1,0,1,0,1,2,1,1,847.5783475783476,1,-0.4115181994675462,1.5520530473058298,0.8469051120981198,False
5950000,6540,3,1,1,1,1,1,0,0,2,1,0,909.7859327217126,1,-0.37950544927000535,1.2967979539725192,1.0306828901706702,False
5950000,7231,3,1,2,1,1,1,0,1,0,1,1,822.8460793804453,0,-0.3860286697126419,0.5479418584360755,1.6599063202940563,False
5950000,6254,4,2,1,1,0,1,0,0,1,1,1,951.3911096897986,2,1.1213726474230974,0.7947366921914039,2.112835292388429,False
5950000,7320,4,2,2,1,0,0,0,0,0,0,0,812.8415300546449,2,1.3594907923537909,0.7489876752875485,2.058279906744975,False
5950000,6525,3,2,4,1,0,0,0,0,1,0,0,911.8773946360153,2,2.1325571596859225,0.5591757248741954,2.139789051742464,False
5943000,15600,3,1,1,1,0,0,0,1,2,0,1,380.96153846153845,1,-0.32975387865694045,5.077041395415459,3.8751222802051015,True
5880000,7160,3,1,1,1,0,1,0,0,2,1,2,821.2290502793296,1,-0.4291706333033875,1.6396965543229267,0.7941851464429941,False
5880000,6500,3,2,3,1,0,0,0,1,0,0,2,904.6153846153846,2,1.268562982938342,0.17833645918791785,1.8019210588085448,False
5873000,5500,3,1,3,1,1,0,0,1,1,0,0,1067.8181818181818,0,0.6053486373376684,-0.021322323886607125,2.018497138292846,False
5873000,11460,3,1,3,1,0,0,0,0,2,1,1,512.478184991274,1,0.700538591471481,3.297899605134953,2.7382258790862903,False
5866000,4800,3,1,1,1,1,1,0,0,0,0,2,1222.0833333333333,0,-0.7209045904737792,-0.7657636716945394,1.153901070516268,False
5810000,5828,4,1,4,1,1,0,0,0,0,0,1,996.9114619080302,2,1.5775514283318934,-0.3710160102060877,2.8277961749064136,False
5810000,5200,3,1,3,1,0,0,0,1,0,0,1,1117.3076923076924,0,0.3634068453541349,-0.696765950451352,1.8125657455504562,False
5810000,4800,3,1,3,1,0,0,0,1,0,0,2,1210.4166666666667,0,0.43190652041986916,-0.9758385496224752,1.8498606165197837,False
5803000,7000,3,1,1,1,0,1,0,0,2,1,1,829.0,1,-0.4316383754353283,1.5754587733180083,0.8250854013886391,False
5775000,6000,3,2,4,1,0,0,0,1,0,0,2,962.5,2,1.8772190389156551,-0.19085248581720127,2.299152257902905,False
5740000,5400,4,2,2,1,0,0,0,1,2,0,2,1062.962962962963,2,2.034253618813255,0.7235891625037516,1.6194443852402125,False
5740000,4640,4,1,2,1,0,0,0,0,1,0,1,1237.0689655172414,2,0.852199414052631,-0.41368616691930565,2.024358773488096,False
5740000,5000,3,1,3,1,0,0,0,1,0,0,1,1148.0,0,0.3815819293345902,-0.8107962671843528,1.81088087065068,False
5740000,6360,3,1,1,1,1,1,0,1,2,1,0,902.5157232704403,1,-0.3985087759869764,1.2502781896134236,1.0605973386937517,False
5740000,5800,3,2,4,1,0,0,0,1,0,0,2,989.6551724137931,2,1.8918095853532326,-0.2991951786121489,2.2642316595851346,False
5652500,6660,4,2,2,1,1,1,0,0,1,1,1,848.7237237237238,2,1.6258913848126963,0.9767020198131705,1.5521079841916585,False
5600000,10500,4,2,2,1,0,0,0,0,1,0,1,533.3333333333334,1,1.554502335585847,2.7256567555487625,2.9391052033700555,False
5600000,4800,5,2,3,0,0,1,1,0,0,0,2,1166.6666666666667,2,2.8507166969952973,-0.7058279004949026,2.3124560139122172,False
5600000,4700,4,1,2,1,1,1,0,1,1,0,0,1191.4893617021276,2,0.8098875459047412,-0.3209919594359538,2.02480569815444,False
5600000,5000,3,1,4,1,0,0,0,0,0,0,0,1120.0,2,0.9355237556303776,-0.8801902675933985,2.8093344180226074,False
5600000,10500,2,1,1,1,0,0,0,0,1,0,1,533.3333333333334,1,-1.4909612116426716,2.640412289521168,2.0117893863715635,False
5600000,5500,3,2,2,1,0,0,0,0,1,0,1,1018.1818181818181,2,1.0093933034559708,0.28560143709367986,1.2185836621939319,False
5600000,6360,3,1,3,1,0,0,0,0,0,1,1,880.503144654088,0,0.19841434313185355,0.05914137173304959,2.007608652618364,False
5600000,6600,4,2,1,1,0,1,0,0,0,1,1,848.4848484848485,2,0.7667519674143289,0.5732511051961207,2.518832918862515,False
5600000,5136,3,1,2,1,1,1,0,1,0,1,2,1090.342679127726,0,-0.25037373070118885,-0.5596865172937416,0.8933073520165483,False
5565000,4400,4,1,2,1,0,0,0,1,2,1,1,1264.7727272727273,2,1.1374619089505702,-0.036997597989355036,2.3975077348814033,False
5565000,5400,5,1,2,1,1,1,0,1,0,1,0,1030.5555555555557,2,1.132586792451715,-0.29120625427987273,2.983013880732902,False
5530000,3300,3,3,2,1,0,1,0,0,0,0,1,1675.7575757575758,2,2.2975290598958225,-1.8693767205379153,3.087729915080804,True
5530000,3650,3,2,2,1,0,0,0,0,2,0,1,1515.0684931506848,2,1.6660516245863415,-0.6128010347563017,1.9801402546780162,False
5530000,6100,3,2,1,1,0,1,0,0,2,1,0,906.5573770491803,1,0.6254432233917888,1.2723905445964985,2.0584116265566186,False
5523000,6900,3,1,1,1,1,1,0,0,0,1,1,800.4347826086956,0,-1.0124541058035585,0.5913540833761276,1.6305768118797224,False
5495000,2817,4,2,2,0,1,1,0,0,1,0,0,1950.6567270145545,2,2.4941698242077748,-2.037963483590467,2.5403293265684703,False
5495000,7980,3,1,1,1,0,0,0,0,2,0,1,688.5964912280701,1,-0.5105736249775349,2.118145589645534,0.7171316413852823,False
5460000,3150,3,2,1,1,1,1,0,1,0,0,0,1733.3333333333333,2,0.7271996540519479,-2.008740640962425,2.856247894068664,False
5460000,6210,4,1,4,1,1,0,0,1,0,0,0,879.2270531400966,2,1.4829834070275387,-0.05824774266198051,2.9474772951123365,False
5460000,6100,3,1,3,1,1,0,0,1,0,1,1,895.0819672131148,0,0.19638143778827863,-0.048382228038395564,1.9420375422847467,False
5460000,6600,4,2,2,1,1,1,0,0,0,1,1,827.2727272727273,2,1.3275726390003857,0.4929423676219315,1.9160676706317779,False
5425000,6825,3,1,1,1,1,1,0,1,0,1,1,794.8717948717949,0,-1.0229398477661455,0.5760450279997936,1.608265724444362,False
5390000,6710,3,2,2,1,1,1,0,0,1,1,0,803.2786885245902,2,0.8698278622829054,1.0224612997039908,1.7361164574172534,False
5383000,6450,3,2,1,1,1,1,1,0,0,0,2,834.5736434108527,0,0.029716328805095747,0.5036269215963233,2.4011992083515614,False
5320000,7800,3,1,1,1,0,1,0,1,2,1,2,682.0512820512821,1,-0.528842235462907,2.0704600432081284,0.7022190329541382,False
5285000,4600,2,2,1,1,0,0,0,1,2,0,1,1148.9130434782608,1,0.06084111764048158,0.35412014482908727,2.863833092799085,False
5250000,4260,4,1,2,1,0,1,0,1,0,0,0,1232.394366197183,0,0.5501962255585451,-1.0279064221374656,1.9824477597979244,False
5250000,6540,4,2,2,0,0,0,0,1,0,0,1,802.7522935779816,2,1.2988450369483207,0.5129672449361922,1.9538803793674877,False
5250000,5500,3,2,1,1,0,1,0,0,0,0,1,954.5454545454545,0,0.08988535024191364,0.0034954370708341898,2.1997070904177765,False
5250000,10269,3,1,1,1,0,0,0,0,1,1,1,511.2474437627812,1,-0.8150339466864452,2.644707559882063,1.614866905776987,False
5250000,8400,3,1,2,1,1,1,0,1,2,1,2,625.0,1,0.03444460639093421,2.2418133585643103,1.0491088557655732,False
5250000,5300,4,2,1,1,0,0,0,1,0,1,2,990.566037735849,2,0.8267017149636718,-0.07561796020769362,2.302208930120256,False
5250000,3800,3,1,2,1,1,1,0,0,1,1,2,1381.578947368421,0,0.23110454816783002,-0.96118623510257,1.6026978137908046,False
5250000,9800,4,2,2,1,1,0,0,0,2,0,1,535.7142857142857,1,1.7843670178668256,2.9943046748646953,2.753752599148828,False
5250000,8520,3,1,1,1,0,0,0,1,2,0,0,616.1971830985915,1,-0.5490361183528077,2.409192074405774,0.8544893126645304,False
5243000,6050,3,1,1,1,0,1,0,0,0,1,1,866.6115702479339,0,-1.0003367614229846,0.21006256576666474,1.2792788808401119,False
5229000,7085,3,1,1,1,1,1,0,0,2,1,1,738.0381086803105,1,-0.5183246457971535,1.749211282568942,0.7359540477953905,False
5215000,3180,3,2,2,1,0,0,0,0,2,0,1,1639.937106918239,2,1.7622115706460695,-0.9655795818494199,2.241597666302438,False
5215000,4500,4,2,1,0,0,1,0,1,2,0,1,1158.888888888889,2,1.4909695806885588,0.39270960940381044,2.3277631165133466,False
5215000,7200,3,1,2,1,1,1,0,0,1,1,0,724.3055555555555,1,-0.2151919745009321,1.1952164082198775,1.107311415691604,False
5145000,3410,3,1,2,0,0,0,0,1,0,0,1,1508.7976539589442,0,0.06211578228445654,-1.7907214787526753,1.7091699594887615,False
5145000,7980,3,1,1,1,0,0,0,0,1,1,1,644.7368421052631,1,-0.8277227665773562,1.6898218423811608,0.9093686623760442,False
5110000,3000,3,2,2,1,1,1,0,0,0,0,0,1703.3333333333333,2,1.2694182719691391,-2.1234270895401166,2.2923753458331975,False
5110000,3000,3,1,2,1,0,1,0,0,0,0,2,1703.3333333333333,0,0.23275498654759072,-2.2361195437850276,2.2630748101527627,False
5110000,11410,2,1,2,1,0,0,0,0,0,1,0,447.85276073619633,1,-1.2091471271677952,2.458880920038108,3.0114150372325743,True
5110000,6100,3,1,1,1,0,1,0,1,0,1,1,837.7049180327868,0,-1.026398665543025,0.27271319620815,1.3184666769831093,False
5075000,5720,2,1,2,1,0,0,0,1,0,1,2,887.2377622377622,0,-1.1316907802081106,-0.08772424576610201,1.357998662536864,False
5040000,3540,2,1,1,0,1,1,0,0,0,0,1,1423.7288135593221,0,-1.3112482032631447,-1.5409596871500835,1.7918440597387644,False
5040000,7600,4,1,2,1,0,0,0,1,2,0,0,663.1578947368421,1,0.7346413024508976,1.9652296284058803,1.8350887193207983,False
5040000,10700,3,1,2,1,1,1,0,0,0,0,1,471.02803738317755,1,-0.5183159925344467,2.2354938987903568,2.5872986330943823,False
5040000,6600,3,1,1,1,1,1,0,0,0,1,0,763.6363636363636,0,-1.06913848348,0.5535082140165314,1.5610232006805547,False
5033000,4800,2,1,1,1,1,1,0,0,0,0,1,1048.5416666666667,0,-1.6100135430401215,-0.530197718717478,1.2749138909980868,False
5005000,8150,3,2,1,1,1,1,0,0,0,0,1,614.1104294478528,1,-0.08380878367055604,1.4078880241482512,2.6139637366358204,False
4970000,4410,4,3,2,1,0,1,0,0,2,0,1,1126.984126984127,2,3.071799758107461,0.4131817829741913,2.733307869059036,False
4970000,7686,3,1,1,1,1,1,1,0,0,0,1,646.6302367941712,1,-1.1175106686761909,1.092851900393213,1.9437379928354184,False
4956000,2800,3,2,2,0,0,1,0,1,1,0,1,1770.0,2,1.5967515341431566,-1.7964543121714236,2.2076061199527732,False
4935000,5948,3,1,2,1,0,0,0,1,0,0,1,829.6906523201076,0,-0.4620289609959465,0.12202746512531365,1.1700757129034267,False
4907000,4200,3,1,2,1,0,0,0,0,1,0,0,1168.3333333333333,0,0.040858244464506276,-0.4889369621950393,1.2200800802120044,False
4900000,4520,3,1,2,1,0,1,0,1,0,0,1,1084.070796460177,0,-0.2965495711180797,-0.7488093079364874,0.7684754219376894,False
4900000,4095,3,1,2,0,1,1,0,1,0,0,1,1196.5811965811965,0,-0.21000453329531507,-1.0671636412455467,0.9270646996042728,False
4900000,4120,2,1,1,1,0,1,0,0,1,0,1,1189.3203883495146,0,-1.2386035252440688,-0.4776221207170122,1.6053158624673158,False
4900000,5400,4,1,2,1,0,0,0,0,0,0,1,907.4074074074074,0,0.2945466978237676,-0.13667180269594525,1.9442878722811965,False
4900000,4770,3,1,1,1,1,1,0,0,0,0,1,1027.2536687631027,0,-0.9202845099163814,-0.46218418528181154,0.9148216004302222,False
4900000,6300,3,1,1,1,0,0,0,1,2,0,1,777.7777777777778,1,-0.528796936289533,1.431450287554582,0.9355274490741441,False
4900000,5800,2,1,1,1,1,1,0,1,0,0,1,844.8275862068965,0,-1.7518149550897377,0.1207586796667425,1.4970571318331376,False
4900000,3000,3,1,2,1,0,1,0,1,0,0,1,1633.3333333333333,0,0.1618168944916852,-2.123561316769484,2.0765497402604,False
4900000,2970,3,1,3,1,0,0,0,0,0,0,1,1649.8316498316499,0,0.7589140920962215,-2.2742091625413052,2.6285806906804603,False
4900000,6720,3,1,1,1,0,0,0,0,0,0,2,729.1666666666666,0,-1.0963129951209083,0.6477413316928339,1.6431958745059854,False
4900000,4646,3,1,2,1,1,1,0,0,2,0,1,1054.6706844597504,1,0.22720472854499954,0.3369102857365858,1.940701027944678,False
4900000,12900,3,1,1,1,0,0,0,0,2,0,0,379.84496124031006,1,-0.5054207229530202,4.20568566809109,2.714287206070809,False
4893000,3420,4,2,2,1,0,1,0,1,2,0,1,1430.701754385965,2,2.278928037769617,-0.5080363470455461,1.8765330927396788,False
4893000,4995,4,2,1,1,0,1,0,0,0,0,1,979.5795795795796,2,0.7958519987981868,-0.15658575536888844,2.32083696562778,False
4865000,4350,2,1,1,1,0,1,0,0,0,0,2,1118.3908045977012,0,-1.5683175520485841,-0.7880385558830529,1.287219993835156,False
4830000,4160,3,1,3,1,0,0,0,0,0,0,2,1161.0576923076924,0,0.340514739699979,-1.1034397317522322,1.772022836066349,False
4830000,6040,3,1,1,1,0,0,0,0,2,1,1,799.6688741721854,1,-0.5234195737120759,1.312168736663671,1.0307702558249336,False
4830000,6862,3,1,2,1,0,0,0,1,2,1,0,703.8764208685515,1,0.014957594754395974,1.6176093024613953,1.0089512994527545,False
4830000,4815,2,1,1,1,0,0,0,1,0,1,1,1003.1152647975077,0,-1.655079077859035,-0.45230237533645307,1.2616387472729051,False
4795000,7000,3,1,2,1,0,1,0,0,0,0,2,685.0,0,-0.5406545326885867,0.6948919304977742,1.722266932395818,False
4795000,8100,4,1,4,1,0,1,0,1,2,0,1,591.9753086419753,1,1.8594602548223111,2.012549499851646,3.515398036918527,True
4767000,3420,4,2,2,1,0,0,0,0,0,0,1,1393.859649122807,2,1.696188768846196,-1.4464930792547626,1.735857960271032,False
4760000,9166,2,1,1,1,0,1,0,1,2,0,1,519.3104953087498,1,-1.3187036270943842,2.730408261511106,1.5902515189094673,False
4760000,6321,3,1,2,1,0,1,0,1,1,0,0,753.0454042081949,1,-0.24288791176680655,0.8647442500993517,1.2454106664438176,False
4760000,10240,2,1,1,1,0,0,0,1,2,1,2,464.84375,1,-1.3044740332598959,3.165309534600361,1.9208360677208578,False
4753000,6440,2,1,1,1,0,0,0,1,3,0,1,738.0434782608696,1,-1.0005536328201716,1.9959808397803904,2.100874579330382,False
4690000,5170,3,1,4,1,0,0,0,1,0,0,1,907.1566731141199,0,0.7308173081055137,-0.48296740508417635,2.8643095064117516,False
4690000,6000,2,1,1,1,0,1,0,1,1,0,0,781.6666666666666,1,-1.5301920575162111,0.7858466540361876,1.6061813247565717,False
4690000,3630,3,1,2,1,0,0,0,0,2,0,1,1292.0110192837465,0,0.4020487477088515,-0.3732905070357319,2.340484002627149,False
4690000,9667,4,2,2,1,1,1,0,0,1,0,1,485.15568428674874,1,1.4518316694280982,2.5337418941056646,2.8125355016272837,False
4690000,5400,2,1,2,1,0,0,0,0,0,1,1,868.5185185185185,0,-1.1713465520072222,-0.16110875735192332,1.2935405443187702,False
4690000,4320,3,1,1,1,0,0,0,0,0,1,1,1085.648148148148,0,-0.8901966849591921,-0.7016062216330297,0.9094915777634182,False
4655000,3745,3,1,2,1,0,1,0,0,0,0,0,1242.9906542056074,0,-0.1855980746527158,-1.2549751344918518,1.0357482878329944,False
4620000,4160,3,1,1,1,1,1,0,1,0,0,2,1110.576923076923,0,-0.875276664461252,-0.7934333509931891,0.9313702898903591,False
4620000,3880,3,2,2,1,0,1,0,0,2,0,1,1190.721649484536,2,1.3522259288191927,-0.016879982459658716,1.777707679412809,False
4620000,5680,3,1,2,1,1,0,0,1,1,0,1,813.3802816901408,0,-0.2231804414794286,0.5604347432568525,1.3918204704197583,False
4620000,2870,2,1,2,1,1,1,0,0,0,1,1,1609.7560975609756,0,-0.5837214582391231,-2.1711749814959918,2.208733840962566,False
4620000,5010,3,1,2,1,0,1,0,0,0,0,1,922.1556886227545,0,-0.428959628887687,-0.32999315037063953,0.811134077247685,False
4613000,4510,4,2,2,1,0,1,0,0,0,0,1,1022.8381374722838,2,1.3906556294535404,-0.49740553062971393,1.5933587519983827,False
4585000,4000,3,1,2,1,0,0,0,0,1,0,0,1146.25,0,0.005550424425156761,-0.5181053848786842,1.191608134555714,False
4585000,3840,3,1,2,1,0,0,0,0,1,1,1,1194.0104166666667,0,0.04360806068581132,-0.6466452158655746,1.2594321359037723,False
4550000,3760,3,1,1,1,0,0,0,0,2,0,1,1210.1063829787233,0,-0.2548670299036779,-0.08513202397421499,2.3113219048543407,False
4550000,3640,3,1,2,1,0,0,0,1,0,0,0,1250.0,0,-0.18528227843069642,-1.3002018632524388,1.0591766998151004,False
4550000,2550,3,1,2,1,0,1,0,0,0,0,0,1784.313725490196,0,0.28573140521012047,-2.5118591558094385,2.5317973153738764,False
4550000,5320,3,1,2,1,1,1,0,0,0,1,1,855.2631578947369,0,-0.47670936895003113,-0.12218096704601919,0.9473728374629883,False
4550000,5360,3,1,2,1,0,0,0,0,2,1,2,848.8805970149253,1,0.06481167465960246,0.8987155061814986,1.460705757822961,False
4550000,3520,3,1,1,1,0,0,0,0,0,1,1,1292.6136363636363,0,-0.7321717510161523,-1.2931129379863904,1.2729827065501522,False
4550000,8400,4,1,4,1,0,0,0,0,3,0,2,541.6666666666666,1,2.10057193788091,2.6893102690983057,3.869496212009073,True
4543000,4100,2,2,1,1,1,1,0,0,0,0,1,1108.0487804878048,0,-0.5582955637080177,-0.7395637180024065,2.3046227736393545,False
4543000,4990,4,2,2,1,1,1,0,0,0,1,0,910.4208416833667,2,1.3077602924577916,-0.16141449430744884,1.7071403657005315,False
4515000,3510,3,1,3,1,0,0,0,0,0,0,1,1286.3247863247864,0,0.4254428192705129,-1.5150691020081002,1.9306291700599945,False
4515000,3450,3,1,2,1,0,1,0,0,1,0,1,1308.695652173913,0,0.13461957422370316,-0.9571780033045753,1.478784413004036,False
4515000,9860,3,1,1,1,0,0,0,0,0,0,1,457.9107505070994,1,-1.1682260036143466,2.0993564289962263,2.3143905462785352,False
4515000,3520,2,1,2,1,0,0,0,0,0,1,0,1282.6704545454545,0,-0.873172720773081,-1.4350264961813735,1.43644681664243,False
4480000,4510,4,1,2,1,0,0,0,1,2,0,1,993.3481152993348,1,0.8695105477793185,0.43501912816855237,2.4617629749450254,False
4480000,5885,2,1,1,1,0,0,0,1,1,0,2,761.2574341546305,1,-1.5583087116575653,0.7814744115575442,1.6240440454352132,False
4480000,4000,3,1,2,1,0,0,0,0,2,0,0,1120.0,0,0.25165035540382225,0.022952902413474946,2.1849021918223244,False
4480000,8250,3,1,1,1,0,0,0,0,0,0,0,543.030303030303,1,-1.1860404921810603,1.4418295445151155,2.014916529140764,False
4480000,4040,3,1,2,1,0,0,0,0,1,0,1,1108.9108910891089,0,-0.029703369449637897,-0.44512947081811466,1.1506557495415186,False
4473000,6360,2,1,1,1,0,1,0,1,1,0,0,703.3018867924528,1,-1.5863356547008103,1.0282753892520726,1.5215804699320732,False
4473000,3162,3,1,2,1,0,0,0,1,1,0,0,1414.6110056925995,0,0.22333723373018452,-1.2206233323244828,1.721794139093698,False
4473000,3510,3,1,2,1,0,0,0,0,0,0,1,1274.3589743589744,0,-0.16900041342984265,-1.3814110882260773,1.1253679413351296,False
4445000,3750,2,1,1,1,1,1,0,0,0,0,1,1185.3333333333333,0,-1.5392635283865317,-1.089714036593981,1.3645932438823696,False
4410000,3968,3,1,2,0,0,0,0,0,0,0,1,1111.391129032258,0,-0.3045458833152035,-0.97125061357743,0.7798249321412842,False
4410000,4900,2,1,2,1,0,1,0,0,0,0,1,900.0,0,-1.171764529767843,-0.3734248405733402,1.1823970176442968,False
4403000,2880,3,1,2,1,0,0,0,0,0,1,1,1528.8194444444443,0,0.048145257448362476,-1.9943123486100012,1.8204199074625973,False
4403000,4880,3,1,1,1,0,0,0,0,2,1,2,902.2540983606557,1,-0.49444511039909483,0.7720826870572867,1.5368292333032378,False
4403000,4920,3,1,2,1,0,0,0,0,1,0,1,894.9186991869918,0,-0.18967775775025428,0.18354715242824432,1.173991472776482,False
4382000,4950,4,1,2,1,0,0,0,1,0,0,1,885.2525252525253,0,0.24300569386718865,-0.2465725058733314,1.8973723272598757,False
4375000,3900,3,1,2,1,0,0,0,0,0,0,2,1121.7948717948718,0,-0.2983984206570584,-1.0099700419688307,0.7980686001470587,False
4340000,4500,3,2,3,1,0,0,1,0,1,0,0,964.4444444444445,2,1.4726101363699697,-0.06579683497717621,1.3216167431805306,False
4340000,1905,5,1,2,0,0,1,0,0,0,0,1,2278.215223097113,2,2.1710404863776884,-3.427657060555096,4.487336961874598,True
4340000,4075,3,1,1,1,1,1,0,0,2,0,1,1065.0306748466257,1,-0.38152449123984306,0.25001367494906473,2.045426687495555,False
4340000,3500,4,1,2,1,0,0,0,0,2,0,0,1240.0,2,1.0541787600635975,-0.2882140650587829,2.5134301481364605,False
4340000,6450,4,1,2,1,0,0,0,0,0,0,1,672.8682170542636,0,0.12473921412006207,0.5800200574849825,2.3083516108121476,False
4319000,4032,2,1,1,1,0,1,0,0,0,0,0,1071.1805555555557,0,-1.6367168607000209,-0.8149634739062924,1.2441638303831604,False
4305000,4400,2,1,1,1,0,0,0,0,1,0,1,978.4090909090909,0,-1.4342413540392787,-0.0479330877788727,1.4887063837315089,False
4305000,10360,2,1,1,1,0,0,0,0,1,1,1,415.5405405405405,1,-1.6193825614648798,2.7845456124904846,2.0810143428071055,False
4277000,3400,3,1,2,1,0,1,0,0,2,1,1,1257.9411764705883,0,0.3526545020496908,-0.3928866055767076,2.315794693173689,False
4270000,6360,2,1,1,1,0,0,0,0,0,0,0,671.3836477987421,0,-1.8913833555718436,0.5807501569563204,1.8291841851749309,False
4270000,6360,2,1,2,1,0,0,0,0,0,0,2,671.3836477987421,0,-1.3090662924536938,0.46633286574105737,1.7559458811336666,False
4270000,4500,2,1,1,1,0,0,0,1,2,0,0,948.8888888888889,1,-1.1849911795895258,0.530722533207583,2.0575513757461654,False
4270000,2175,3,1,2,0,1,1,0,1,0,0,2,1963.2183908045977,0,0.44279261394339403,-2.9208043200549954,3.060424702732306,True
4270000,4360,4,1,2,1,0,0,0,0,0,0,0,979.3577981651376,0,0.3002329052493882,-0.5886910980659062,1.8407855700664375,False
4270000,7770,2,1,1,1,0,0,0,0,1,0,0,549.5495495495495,1,-1.6510022614248447,1.731484189858047,1.4845153422768365,False
4235000,6650,3,1,2,1,1,0,0,0,0,0,1,636.8421052631579,0,-0.6120827532929275,0.6591423446134235,1.6763710194970802,False
4235000,2787,3,1,1,1,0,1,0,0,0,1,0,1519.5550771438823,0,-0.5495720992396264,-1.8950733958839727,1.8817588590125771,False
4200000,5500,3,1,2,1,0,0,0,1,0,0,2,763.6363636363636,0,-0.557928395850318,0.08336267438032391,1.1192900538227142,False
4200000,5040,3,1,2,1,0,1,0,1,0,0,2,833.3333333333334,0,-0.5170330393971913,-0.17746737328650836,0.9025199701219861,False
4200000,5850,2,1,1,1,1,1,0,0,2,0,1,717.9487179487179,1,-1.3317586007902558,1.3386440563535658,1.534006299051275,False
4200000,2610,4,3,2,0,0,0,0,0,0,0,1,1609.1954022988505,2,2.8987129986795206,-1.9420004085822526,3.091764704875332,True
4200000,2953,3,1,2,1,0,1,0,1,0,0,2,1422.2824246528953,0,-0.0551005810493275,-1.7993960990695683,1.5454759456395113,False
4200000,2747,4,2,2,0,0,0,0,0,0,0,1,1528.9406625409538,2,1.78957550502913,-1.881340937622309,2.045189858000456,False
4200000,4410,2,1,1,0,0,0,0,0,1,0,2,952.3809523809524,0,-1.459971876802997,-0.00284660710794922,1.4906105715136857,False
4200000,4000,4,2,2,0,0,0,0,0,0,0,1,1050.0,2,1.3852137171146155,-0.7060096691497575,1.6443725279779904,False
4200000,2325,3,1,2,0,0,0,0,0,0,0,1,1806.4516129032259,0,0.29362136080503326,-2.620218914321364,2.6211183292483757,False
4200000,4600,3,2,2,1,0,0,0,1,1,0,1,913.0434782608696,2,0.8446675370237303,0.16361083963427667,1.4571127812239095,False
4200000,3640,3,2,2,1,0,1,0,0,0,0,2,1153.8461538461538,2,0.7539385728481248,-1.0328964598103525,1.7239237097563462,False
4200000,5800,3,1,1,1,0,0,1,0,2,0,1,724.1379310344828,1,-0.6154769800148698,1.356007144135865,1.0773154486806493,False
4200000,7000,3,1,1,1,0,0,0,0,3,0,0,600.0,1,-0.3910055610900173,2.442533925287331,1.7487313208158293,False
4200000,4079,3,1,3,1,0,0,0,0,0,0,1,1029.6641333660211,0,0.20212427517072393,-0.9183567516124433,1.6957303850325143,False
4200000,3520,3,1,2,1,0,0,0,0,0,1,1,1193.1818181818182,0,-0.2506190232046862,-1.2476463840091203,0.9560023461142516,False
4200000,2145,3,1,3,1,0,0,0,0,1,1,2,1958.041958041958,2,1.2906263076423834,-2.5377507658394904,3.2643562240810073,True
4200000,4500,3,1,1,1,0,1,0,0,0,0,0,933.3333333333334,0,-1.0329170317012435,-0.39847778027931646,0.8748886670068228,False
4193000,8250,3,1,1,1,0,1,0,0,3,0,1,508.24242424242425,1,-0.4031894277948023,2.994314428970467,1.8192171445666128,False
4193000,3450,3,1,2,1,0,0,0,0,1,0,1,1215.3623188405797,0,0.04003545148249612,-0.8071003672838507,1.3191912641651133,False
4165000,4840,3,1,2,1,0,0,0,0,1,0,1,860.5371900826447,0,-0.22969144069034597,0.2129606029014548,1.186183506065377,False
4165000,4080,3,1,2,1,0,0,0,0,2,0,1,1020.8333333333334,1,0.156326141390451,0.2082815360251999,2.0867249066642377,False
4165000,4046,3,1,2,1,0,1,0,0,1,0,1,1029.4117647058824,0,-0.1098800324445204,-0.31535655327505696,1.0951667120999449,False
4130000,4632,4,1,2,1,0,0,0,1,0,0,1,891.6234887737478,0,0.2289056564912839,-0.3596546565747948,1.8694257295846208,False
4130000,5985,3,1,1,1,0,1,0,0,0,0,1,690.0584795321637,0,-1.1834576715608733,0.4729351582507472,1.4707767163062986,False
4123000,6060,2,1,1,1,0,1,0,0,1,0,1,680.3630363036303,1,-1.6289747274495612,0.9681436848109856,1.5798020922192302,False
4098500,3600,3,1,1,1,0,1,0,1,0,1,0,1138.4722222222222,0,-0.8832074464168633,-1.0193863028548826,0.9923903114157714,False
4095000,3680,3,2,2,1,0,0,0,0,0,0,1,1112.7717391304348,2,0.7148994151584754,-0.9539142686247502,1.7368070544075458,False
4095000,4040,2,1,2,1,0,0,0,0,1,0,1,1013.6138613861386,0,-0.8395191040186715,-0.3353789122711749,1.3944843840220111,False
4095000,5600,2,1,1,1,0,0,0,1,0,0,1,731.25,0,-1.8798431713138173,0.23871069820538443,1.56788857267783,False
4060000,5900,4,2,2,0,0,1,0,0,1,0,2,688.1355932203389,2,1.4140227063815949,0.9891477855031401,1.8467909741367667,False
4060000,4992,3,2,2,1,0,0,0,0,2,0,2,813.3012820512821,2,1.0416303200710522,0.9496113291599849,2.0488610541176264,False
4060000,4340,3,1,1,1,0,0,0,0,0,0,1,935.483870967742,0,-1.0410805068327182,-0.45367808100528706,0.8607541386826413,False
4060000,3000,4,1,3,1,0,1,0,1,2,0,1,1353.3333333333333,2,1.7190266197298834,-0.7465631441009396,2.5947509864502636,False
4060000,4320,3,1,2,1,0,0,0,0,2,1,0,939.8148148148148,1,0.08973611737508139,0.41617069775674975,1.9068896559455186,False
4025000,3630,3,2,2,1,0,0,1,0,2,0,1,1108.8154269972451,2,1.2530613789896008,0.03397581956390747,1.8620662460466482,False
4025000,3460,3,2,1,1,0,1,0,1,1,0,0,1163.2947976878613,2,0.44226280642644233,-0.49303347342700904,2.1846783160356984,False
4025000,5400,3,1,1,1,0,0,0,0,3,0,1,745.3703703703703,1,-0.347115364565609,1.6913591449292045,1.980801851207132,False
4007500,4500,3,1,2,0,0,1,0,1,0,0,1,890.5555555555555,0,-0.49395102483948056,-0.444109488318414,0.7403183624384156,False
4007500,3460,4,1,2,1,0,0,0,1,0,0,1,1158.236994219653,0,0.42333088328170304,-1.1673746996784746,1.9321298253828412,False
3990000,4100,4,1,1,0,0,1,0,0,0,0,2,973.170731707317,0,-0.3051612424509053,-0.5484063830486898,1.9064351307018115,False
3990000,6480,3,1,2,0,0,0,0,1,1,0,1,615.7407407407408,1,-0.3717544481986073,1.1369455726171942,1.231904870809073,False
3990000,4500,3,2,2,0,0,1,0,1,0,0,1,886.6666666666666,2,0.5387712554678511,-0.3251637992393059,1.8600699652202188,False
3990000,3960,3,1,2,1,0,0,0,0,0,0,0,1007.5757575757576,0,-0.4102696589151088,-0.806905240281347,0.6802067769285516,False
3990000,4050,2,1,2,1,1,1,0,0,0,1,2,985.1851851851852,0,-1.14038405031656,-0.7852813799853521,1.0996219559596998,False
3920000,7260,3,2,1,1,1,1,0,0,3,0,0,539.9449035812672,1,0.6016049139405435,2.7358746758311416,2.4680895726222434,False
3920000,5500,4,1,2,1,1,1,0,0,0,0,1,712.7272727272727,0,0.1037218638170699,0.20870785461787433,2.0916894156652304,False
3920000,3000,3,1,2,1,0,0,0,0,0,0,1,1306.6666666666667,0,-0.16922753510253954,-1.5982895906969479,1.2710779143621156,False
3920000,3290,2,1,1,1,0,0,1,0,1,0,0,1191.4893617021276,0,-1.2900589299374463,-0.749522907830939,1.6485313696788784,False
3920000,3816,2,1,1,1,0,1,0,1,2,0,0,1027.2536687631027,1,-1.1497918188215301,0.18351565936589276,2.3667391026312568,False
3920000,8080,3,1,1,1,0,0,0,1,2,0,1,485.1485148514852,1,-0.7102838012898668,2.477623714332288,0.9661519637293478,False
3920000,2145,4,2,1,1,0,1,0,0,0,1,2,1827.5058275058275,2,1.470909864321074,-2.4416892381890323,3.1523536979022047,True
3885000,3780,2,1,2,1,1,1,0,0,0,0,1,1027.7777777777778,0,-1.1146741913175437,-0.9410843055956793,1.1182240736653952,False
3885000,3180,4,2,2,1,0,0,0,0,0,0,0,1221.698113207547,2,1.506205792745244,-1.2472751260896708,1.7451746987390764,False
3850000,5300,5,2,2,1,0,0,0,0,0,0,1,726.4150943396227,2,1.8545694640077206,0.2781974265497656,2.7554909979536655,False
3850000,3180,2,2,1,1,0,1,0,0,2,0,1,1210.691823899371,0,0.03165517387842983,-0.20443139911328795,3.1537363164543395,True
3850000,7152,3,1,2,1,0,0,0,1,0,0,0,538.3109619686801,0,-0.6794837055795798,0.979919364406371,2.012428459193778,False
3850000,4080,2,1,1,1,0,0,0,0,0,0,1,943.6274509803922,0,-1.7628764947800881,-0.5943386252552035,1.2161722000280297,False
3850000,3850,2,1,1,1,0,0,0,0,0,0,1,1000.0,0,-1.7206163016165483,-0.7593637991067681,1.2194981374534488,False
3850000,2015,3,1,2,1,0,1,0,0,0,1,1,1910.6699751861042,0,0.3791971476516907,-2.888050089384498,2.9424895199915118,False
3850000,2176,2,1,2,1,1,0,0,0,0,1,1,1769.3014705882354,0,-0.46690000466039727,-2.652152086124817,2.690707820600719,False
3836000,3350,3,1,2,1,0,0,0,0,0,0,2,1145.0746268656717,0,-0.31036017399770194,-1.2252674226953792,0.897264347153297,False
3815000,3150,2,2,1,0,0,1,0,0,0,0,1,1211.111111111111,0,-0.5152626320587402,-1.2125051861549627,2.410927113235937,False
3780000,4820,3,1,2,1,0,0,0,0,0,0,1,784.2323651452282,0,-0.581013420228626,-0.16965990977070117,0.9335412262317225,False
3780000,3420,2,1,2,1,0,0,1,0,1,0,1,1105.2631578947369,0,-0.7867200635038013,-0.6832500361143128,1.4716997194248502,False
3780000,3600,2,1,1,1,0,0,0,0,0,0,1,1050.0,0,-1.6861069121097094,-0.9206098618758776,1.251611850638287,False
3780000,5830,2,1,1,1,0,0,0,0,2,0,2,648.3704974271012,1,-1.403562115067882,1.4440562863159205,1.5469782510128374,False
3780000,2856,3,1,3,1,0,0,0,0,0,1,0,1323.5294117647059,0,0.42086970655540484,-1.7863898105358278,2.04496144780672,False
3780000,8400,2,1,1,1,0,0,0,0,1,0,0,450.0,1,-1.711161001711019,2.0952926136581285,1.6364910946128541,False
3773000,8250,3,1,1,1,0,0,0,0,2,0,0,457.3333333333333,1,-0.7274824829714542,2.5773260055477136,1.0410222125806037,False
3773000,2520,5,2,1,0,0,1,0,1,1,0,0,1497.2222222222222,2,2.146384353590973,-1.2469969689913731,3.065267529715597,True
3773000,6930,4,1,2,0,0,0,0,0,1,0,0,544.4444444444445,1,0.2983246079637739,1.440598055278951,1.9859049454187172,False
3745000,3480,2,1,1,1,0,0,0,0,0,1,1,1076.1494252873563,0,-1.6673641747335441,-1.0014641934257242,1.27767896052253,False
3710000,3600,3,1,1,1,0,0,0,0,1,0,2,1030.5555555555557,0,-0.7198686228367539,-0.3470100840445899,1.2296296513051996,False
3710000,4040,2,1,1,1,0,0,0,0,0,0,1,918.3168316831683,0,-1.7911120178610749,-0.5665753631713287,1.2239889720123533,False
3710000,6020,3,1,1,1,0,0,0,0,0,0,1,616.2790697674419,0,-1.2559633277679574,0.6028892065278734,1.6088273993053612,False
3710000,4050,2,1,1,1,0,0,0,0,0,0,0,916.0493827160494,0,-1.7927634265763446,-0.5596954694954781,1.2248237987140524,False
3710000,3584,2,1,1,1,0,0,1,0,0,0,1,1035.15625,0,-1.7021838711603252,-0.9019157169115045,1.2462727718812683,False
3703000,3120,3,1,2,0,0,1,1,0,0,0,1,1186.8589743589744,0,-0.28288368344563564,-1.3668351379877102,1.0103571675769454,False
3703000,5450,2,1,1,1,0,0,0,0,0,0,0,679.4495412844037,0,-1.9420342300466031,0.2734961262879999,1.6122766268694735,False
3675000,3630,2,1,1,1,0,1,0,0,0,0,0,1012.396694214876,0,-1.722274870494188,-0.8504430191006754,1.2351121570510541,False
3675000,3630,2,1,1,1,0,0,0,1,0,0,2,1012.396694214876,0,-1.722274870494188,-0.8504430191006754,1.2351121570510541,False
3675000,5640,2,1,1,0,0,0,0,0,0,0,1,651.5957446808511,0,-1.9579791902067278,0.3797282959176202,1.6916640636176705,False
3675000,3600,2,1,1,1,0,0,0,0,0,0,0,1020.8333333333334,0,-1.7156644504663368,-0.8737106006194011,1.2398667883992018,False
3640000,4280,2,1,1,1,0,0,0,1,2,0,1,850.4672897196261,1,-1.2989531527180562,0.6178363221309185,2.052463943995271,False
3640000,3570,3,1,2,1,0,1,0,0,0,0,1,1019.6078431372549,0,-0.42328698252979113,-0.95237436264243,0.7230703135288503,False
3640000,3180,3,1,2,0,0,1,0,0,0,0,1,1144.6540880503144,0,-0.3217756084344468,-1.2795673907787117,0.9289369128733981,False
3640000,3000,2,1,2,1,0,0,0,1,0,0,0,1213.3333333333333,0,-0.9770532571881568,-1.4916966061751964,1.389080669163994,False
3640000,3520,2,2,1,1,0,1,0,0,0,0,1,1034.090909090909,0,-0.6707373367363915,-0.8082071377398659,2.2934692697014465,False
3640000,5960,3,1,2,1,1,1,0,0,0,0,2,610.738255033557,0,-0.6831398958871363,0.47797804606022704,1.5200247811661893,False
3640000,4130,3,2,2,1,0,0,0,0,2,0,1,881.3559322033898,2,1.0548749803318413,0.5614195843920298,2.0183723204818156,False
3640000,2850,3,2,2,0,0,1,0,0,0,1,2,1277.1929824561403,2,0.8278706742312528,-1.4867125962732282,1.9120783939662709,False
3640000,2275,3,1,3,1,0,0,1,1,0,1,1,1600.0,0,0.6634879526562902,-2.4188367069041368,2.607798983247543,False
3633000,3520,3,1,1,1,0,0,0,0,2,1,2,1032.1022727272727,1,-0.4507708785204036,0.12348064074070716,2.211204505626596,False
3605000,4500,2,1,1,1,0,0,0,0,0,0,1,801.1111111111111,0,-1.8801528049290306,-0.2293524474155964,1.3270710319431929,False
3605000,4000,2,1,1,1,0,0,0,0,0,1,1,901.25,0,-1.8109932757327016,-0.5520679027693222,1.2320074578483955,False
3570000,3150,3,1,2,1,0,1,0,0,0,0,0,1133.3333333333333,0,-0.3351873573020684,-1.2710655834322264,0.918528639183396,False
3570000,4500,4,2,2,1,0,1,0,0,2,0,0,793.3333333333334,2,1.7028321630703138,0.8660963926030522,2.0562760685984802,False
3570000,4500,2,1,1,0,0,0,0,0,0,0,0,793.3333333333334,0,-1.8880348151574644,-0.21684597774720282,1.3357489821966309,False
3570000,3640,2,1,1,1,0,0,0,0,0,0,2,980.7692307692307,0,-1.7536797564928923,-0.7963529657840588,1.229782579006553,False
3535000,3850,3,1,1,1,0,0,0,0,2,0,2,918.1818181818181,1,-0.5448859243252352,0.4133803207590075,1.9564941473079802,False
3500000,4240,3,1,2,1,0,0,0,1,0,0,1,825.4716981132076,0,-0.5767141948595932,-0.4235375163718402,0.8021656033282402,False
3500000,3650,3,1,2,1,0,0,0,0,0,0,2,958.9041095890411,0,-0.4796328095389204,-0.828893151282569,0.7018864246932296,False
3500000,4600,4,1,2,1,0,0,0,0,0,0,1,760.8695652173913,0,0.09433089184716743,-0.15975411741311396,1.952593403882753,False
3500000,2135,3,2,2,0,0,0,0,0,0,0,2,1639.344262295082,2,1.1486557234120172,-2.3002660430337167,2.4201556631316774,False
3500000,3036,3,1,2,1,0,1,0,0,0,0,1,1152.832674571805,0,-0.3227959676165273,-1.3392864123666413,0.9727356828650235,False
3500000,3990,3,1,2,1,0,0,0,0,0,0,1,877.1929824561404,0,-0.5404604535359919,-0.5875513607670942,0.7300011193908597,False
3500000,7424,3,1,1,0,0,0,0,0,0,0,2,471.4439655172414,1,-1.3119810550802107,1.2898189864398968,2.0512413512003658,False
3500000,3480,3,1,1,0,0,0,0,1,0,0,2,1005.7471264367816,0,-1.0254683576292687,-0.8447744285490493,0.8933352253916219,False
3500000,3600,6,1,2,1,0,0,0,0,1,0,2,972.2222222222222,2,1.9430581616013707,-0.2371748982499798,3.975520818021776,True
3500000,3640,2,1,1,1,0,0,0,0,1,0,1,961.5384615384615,0,-1.5004665278218077,-0.2665814237832937,1.4958333604393088,False
3500000,5900,2,1,1,1,0,0,0,0,1,0,0,593.2203389830509,1,-1.7276280843125575,1.056524644242384,1.6443713352120186,False
3500000,3120,3,1,2,1,0,0,0,0,1,0,2,1121.7948717948718,0,-0.07611801504925102,-0.7633647568696249,1.2451028268343491,False
3500000,7350,2,1,1,1,0,0,0,0,1,0,1,476.1904761904762,1,-1.7524943789358969,1.7136202087217454,1.5631108909674105,False
3500000,3512,2,1,1,1,0,0,0,0,1,1,2,996.5831435079726,0,-1.47322646726585,-0.3643262173098468,1.5057339484128471,False
3500000,9500,3,1,2,1,0,0,0,0,3,1,2,368.42105263157896,1,0.11823585469291266,3.508963007793784,2.2459386737847997,False
3500000,5880,2,1,1,1,0,0,0,0,0,0,2,595.2380952380952,0,-1.9995778570695963,0.5479634047944516,1.834127908731349,False
3500000,12944,3,1,1,1,0,0,0,0,0,0,2,270.39555006180467,1,-1.1588960521562481,3.3982087747073786,3.380726470369909,True
3493000,4900,3,1,2,0,0,0,0,0,0,0,2,712.8571428571429,0,-0.6481737479606491,-0.02901921480832209,1.0807563427114153,False
3465000,3060,3,1,1,1,0,0,0,0,0,0,2,1132.3529411764705,0,-0.9243157945703375,-1.1841768849676113,1.068206108729867,False
3465000,5320,2,1,1,1,0,0,0,0,1,1,2,651.3157894736842,1,-1.7062468472788508,0.7755428276024511,1.7639539785038885,False
3465000,2145,3,1,3,1,0,0,0,0,0,1,0,1615.3846153846155,0,0.6706751904704896,-2.485615389952706,2.6582780075138728,False
3430000,4000,2,1,1,1,0,0,0,0,0,0,2,857.5,0,-1.8553295832676426,-0.4817190108846075,1.2601010319136703,False
3430000,3185,2,1,1,1,0,0,0,0,2,0,2,1076.923076923077,0,-1.140246322121135,-0.10041014977814608,2.4237489026212637,False
3430000,3850,3,1,1,1,0,0,0,0,0,0,2,890.9090909090909,0,-1.1179275730086142,-0.5404637288822723,0.8855451404884417,False
3430000,2145,3,1,3,1,0,0,0,0,0,1,0,1599.067599067599,0,0.6541395046765722,-2.4593780409980335,2.625718140799384,False
3430000,2610,3,1,2,1,0,1,0,0,0,1,2,1314.176245210728,0,-0.18682797327616993,-1.7364866363216314,1.367252629435547,False
3430000,1950,3,2,2,1,0,1,0,0,0,1,2,1758.974358974359,2,1.2579301202874051,-2.5524552320591773,2.6525742334245628,False
3423000,4040,2,1,1,1,0,0,0,0,0,0,2,847.2772277227723,0,-1.8631036459376125,-0.4523454793189208,1.2679811113387123,False
3395000,4785,3,1,2,1,1,1,0,1,1,0,0,709.5088819226751,0,-0.38629907556904886,0.4380238847038835,1.3672471892684053,False
3395000,3450,3,1,1,1,0,1,0,0,2,0,2,984.0579710144928,1,-0.5039840264077108,0.178097408839756,2.183673796078146,False
3395000,3640,2,1,1,1,0,0,0,0,0,0,0,932.6923076923077,0,-1.8024009735642557,-0.7190464911854714,1.2358193399032655,False
3360000,3500,4,1,2,1,0,0,0,1,2,0,2,960.0,2,0.7704263918399762,0.1620188430033911,2.6427657223898406,False
3360000,4960,4,1,3,0,0,0,0,0,0,0,1,677.4193548387096,0,0.6153507758197204,-0.0235654299668685,2.5838485732882086,False
3360000,4120,2,1,2,1,0,0,0,0,0,0,2,815.5339805825242,0,-1.3077838148172767,-0.4898492877970138,1.1922132011873485,False
3360000,4750,2,1,1,1,0,0,0,0,0,0,2,707.3684210526316,0,-1.9589910940664603,0.002230753037411548,1.471292390398644,False
3360000,3720,2,1,1,0,0,0,0,1,0,0,2,903.2258064516129,0,-1.8270909482733495,-0.6457939581885674,1.2416844372783828,False
3360000,3750,3,1,1,1,0,0,0,0,0,0,2,896.0,0,-1.1192327095398638,-0.5809887134307613,0.8883700070699216,False
3360000,3100,3,1,2,0,0,1,0,0,0,0,1,1083.8709677419354,0,-0.38854471888905034,-1.207700818198651,0.8683381376540628,False
3360000,3185,2,1,1,1,0,1,0,0,2,0,0,1054.9450549450548,0,-1.1625188784966156,-0.0650700471045059,2.4168817861767873,False
3353000,2700,3,1,1,0,0,0,0,0,0,0,0,1241.851851851852,0,-0.8366208282878267,-1.476668513935631,1.3084441455071132,False
3332000,2145,3,1,2,1,0,1,0,0,0,1,0,1553.3799533799533,0,0.02552252133545404,-2.2714961727096883,2.0090615039341198,False
3325000,4040,2,1,1,1,0,0,0,0,1,0,2,823.019801980198,0,-1.6149844375860685,0.08550879903591455,1.5454194584242096,False
3325000,4775,4,1,2,1,0,0,0,0,0,0,2,696.3350785340314,0,0.040244031547121605,0.0006088330523077999,2.0306120661172176,False
3290000,2500,2,1,1,0,0,0,0,1,0,0,2,1316.0,0,-1.4876491377857368,-1.704059372955887,1.7236579474528857,False
3290000,3180,4,1,2,1,0,1,0,1,0,0,2,1034.5911949685535,0,0.27992811031891723,-1.0591043949156767,1.8904781558389676,False
3290000,6060,3,1,1,1,1,1,0,0,0,0,0,542.9042904290429,0,-1.3277357174439353,0.7338095659118249,1.7624118488575562,False
3290000,3480,4,1,2,0,0,0,0,0,1,0,1,945.4022988505748,0,0.4816384926985198,-0.3198251617802645,2.0444968830630343,False
3290000,3792,4,1,2,1,0,0,0,0,0,0,1,867.6160337552743,0,0.15027659781254052,-0.592698303041201,1.8671671544516941,False
3290000,4040,2,1,1,1,0,0,0,0,0,0,2,814.3564356435644,0,-1.8964656199243006,-0.39940967948487804,1.298896030431485,False
3290000,2145,3,1,2,1,0,1,0,0,0,1,0,1533.7995337995337,0,0.005679698382753249,-2.2400113539640816,1.9623105591101377,False
3290000,5880,3,1,1,1,0,0,0,0,1,0,2,559.5238095238095,1,-1.049827446335712,1.1477246752994201,1.2485528193678088,False
3255000,4500,2,1,1,0,0,0,0,0,0,0,1,723.3333333333334,0,-1.9589729072133697,-0.1042877507316593,1.4274509510722437,False
3255000,3930,2,1,1,0,0,0,0,0,0,0,2,828.2442748091603,0,-1.8895023629990522,-0.4573137979492082,1.2868370778683975,False
3234000,3640,4,1,2,1,0,1,0,0,0,0,2,888.4615384615385,0,0.16157576853705954,-0.6753725227720871,1.8644313421492067,False
3220000,4370,3,1,2,1,0,0,0,0,0,0,2,736.8421052631579,0,-0.6581279891605881,-0.23898276473323254,0.9710439274389794,False
3220000,2684,2,1,1,1,0,0,0,1,1,0,2,1199.7019374068554,0,-1.320909774141692,-0.9587024475014204,1.7406738071163597,False
3220000,4320,3,1,1,0,0,0,0,0,1,0,2,745.3703703703703,0,-0.9623329169535464,0.3444007785205257,1.3749132574542884,False
3220000,3120,3,1,2,0,0,0,0,0,0,0,0,1032.051282051282,0,-0.4397660024154264,-1.117908289780258,0.8211364678830384,False
3150000,3450,1,1,1,1,0,0,0,0,0,0,0,913.0434782608696,0,-2.5478368364423614,-0.7923802928129086,2.4542405009291475,False
3150000,3986,2,2,1,0,1,1,0,0,1,0,2,790.2659307576517,0,-0.615004674404986,0.23340562550088553,2.4850558346036244,False
3150000,3500,2,1,1,0,0,1,0,0,0,0,1,900.0,0,-1.8445813798713153,-0.7117525928029156,1.2608909051705361,False
3150000,4095,2,1,1,1,0,0,0,0,2,0,1,769.2307692307693,1,-1.393237249837402,0.6886355658919592,2.0827115189944796,False
3150000,1650,3,1,2,0,0,1,0,0,0,0,2,1909.090909090909,0,0.3540023326730413,-3.003548091710966,2.997134646533364,False
3150000,3450,3,1,2,1,0,1,0,0,0,0,1,913.0434782608696,0,-0.5390365746353918,-0.819828281030225,0.7536062056050093,False
3150000,6750,2,1,1,1,0,0,0,0,0,0,1,466.6666666666667,0,-2.073633158525278,1.0360517110045382,2.268052784088528,False
3150000,9000,3,1,2,1,0,0,0,0,2,0,1,350.0,1,-0.20545513226355575,2.878039983316019,1.5433895591571007,False
3150000,3069,2,1,1,1,0,0,0,0,1,0,2,1026.392961876833,0,-1.4716538764387765,-0.5555211175320963,1.560211851764208,False
3143000,4500,3,1,2,1,0,0,0,1,0,0,2,698.4444444444445,0,-0.6886366774817985,-0.13519968750908912,1.061866377930154,False
3129000,5495,3,1,1,1,0,1,0,0,0,0,2,569.4267515923567,0,-1.3373809487408357,0.5084471561697119,1.5851985270679678,False
3118850,2398,3,1,1,1,0,0,0,0,0,1,1,1300.604670558799,0,-0.7966027414521274,-1.6688051319618693,1.48290236439273,False
3115000,3000,3,1,1,0,0,0,0,1,0,0,2,1038.3333333333333,0,-1.02347395110166,-1.0523990959221012,0.9976210578984935,False
3115000,3850,3,1,2,1,0,0,0,0,0,0,2,809.0909090909091,0,-0.6185251629428213,-0.5233194560533939,0.8322586111209774,False
3115000,3500,2,1,1,1,0,0,0,0,0,0,2,890.0,0,-1.854715393022159,-0.6956728460864094,1.2661917814097192,False
3087000,8100,2,1,1,1,0,0,0,0,1,0,2,381.1111111111111,1,-1.8003659038025743,2.109047407125722,1.71049253200356,False
3080000,4960,2,1,1,1,0,1,0,1,0,0,2,620.9677419354839,0,-2.032974687860161,0.20907261318792347,1.6377876120128603,False
3080000,2160,3,1,2,0,0,1,0,0,0,0,1,1425.9259259259259,0,-0.10266991712441302,-2.0617024850125545,1.7117758573815145,False
3080000,3090,2,1,1,1,1,1,0,0,0,0,2,996.7637540453075,0,-1.7730243733150026,-0.9999358783075888,1.297514336411809,False
3080000,4500,2,1,2,1,0,0,1,0,1,0,1,684.4444444444445,0,-1.1433641797377596,0.3426762585563763,1.635534644397382,False
3045000,3800,2,1,1,1,0,0,0,0,0,0,2,801.3157894736842,0,-1.9251952770998908,-0.45605408676086806,1.3190985833858633,False
3010000,3090,3,1,2,0,0,0,0,0,0,0,1,974.1100323624595,0,-0.500423022197396,-1.0344419073392364,0.8123137368136333,False
3010000,3240,3,1,2,1,0,0,0,0,2,0,1,929.0123456790124,0,0.008974759558023494,0.08428033243238944,2.1831314687771908,False
3010000,2835,2,1,1,1,0,0,0,0,0,0,1,1061.7283950617284,0,-1.7236730104473048,-1.1868616513851784,1.3650630357774434,False
3010000,4600,2,1,1,1,0,0,0,0,0,0,0,654.3478260869565,0,-2.022418640479658,0.038978129306116494,1.5450792525990467,False
3010000,5076,3,1,1,0,0,0,0,0,0,0,2,592.9866036249015,0,-1.340590657098469,0.3350633871168384,1.463984632599279,False
3010000,3750,3,1,2,1,0,0,0,0,0,0,2,802.6666666666666,0,-0.631499769162921,-0.5453283686252998,0.8501617315318487,False
3010000,3630,4,1,2,1,0,0,0,0,3,0,1,829.2011019283747,1,0.9189798836708727,0.9132297215207267,3.037348012217581,True
3003000,8050,2,1,1,1,0,0,0,0,0,0,2,373.04347826086956,1,-2.0844755042917327,1.6070015384104408,2.4379170441965186,False
2975000,4352,4,1,2,0,0,0,0,0,1,0,2,683.59375,0,0.27268980374387697,0.3831518377958493,2.1956919270200195,False
2961000,3000,2,1,2,1,0,0,0,0,0,0,1,987.0,0,-1.2064197548355842,-1.127758338824939,1.207454471052251,False
2940000,5850,3,1,2,1,0,1,0,0,1,0,2,502.56410256410254,1,-0.5271727063070347,1.1151954706776182,1.474260667167135,False
2940000,4960,2,1,1,1,0,0,0,0,0,0,2,592.741935483871,0,-2.0615787572375424,0.2544589950490298,1.6899292226939575,False
2940000,3600,3,1,2,0,0,0,0,0,1,0,2,816.6666666666666,0,-0.35430684100053744,-0.1174994593790254,1.1974282846773951,False
2940000,3660,4,1,2,0,0,0,0,0,0,0,2,803.2786885245902,0,0.07654421048811251,-0.5319328712795323,1.9121641579709572,False
2940000,3480,3,1,2,0,0,0,0,0,1,0,1,844.8275862068965,0,-0.33352565270322554,-0.2015882227396637,1.1804867843676474,False
2940000,2700,2,1,1,0,0,0,0,0,0,0,0,1088.888888888889,0,-1.7048752954581043,-1.2741925952895279,1.40860799701589,False
2940000,3150,3,1,2,0,0,0,0,0,0,0,2,933.3333333333334,0,-0.5378676203189406,-0.9494706491021023,0.8062191659857251,False
2940000,6615,3,1,2,1,0,0,0,0,0,0,1,444.44444444444446,0,-0.8093212904603998,0.9571942840086209,2.041446741289162,False
2870000,3040,2,1,1,0,0,0,0,0,0,0,2,944.078947368421,0,-1.8296473609358006,-0.9313895094276613,1.3074539999692454,False
2870000,3630,2,1,1,1,0,0,0,0,0,0,2,790.633608815427,0,-1.9470098728751553,-0.49385359467126766,1.3410680230413847,False
2870000,6000,2,1,1,1,0,0,0,0,0,0,1,478.3333333333333,0,-2.110292171924764,0.7747500189422126,2.0770773342592688,False
2870000,5400,4,1,2,1,0,0,0,0,0,0,2,531.4814814814815,0,-0.08641712988387228,0.4678075646097512,2.3205566290983715,False
2852500,5200,4,1,3,1,0,0,0,0,0,0,2,548.5576923076923,0,0.500276446744314,0.2612542955489125,2.749041171972139,False
2835000,3300,3,1,2,0,0,0,0,0,1,0,1,859.0909090909091,0,-0.33070686943320715,-0.282733361685067,1.1904323829929377,False
2835000,4350,3,1,2,0,0,0,1,0,1,0,2,651.7241379310345,0,-0.4729777877924301,0.39026593666561077,1.4364749008545246,False
2835000,2640,2,1,1,0,0,0,0,0,1,0,0,1073.8636363636363,0,-1.451278752926411,-0.7705867766372158,1.6484626881734745,False
2800000,2650,3,1,2,1,0,1,0,0,1,0,2,1056.6037735849056,0,-0.1725648310520972,-0.8105321010016783,1.2905668170593796,False
2800000,3960,3,1,1,1,0,0,0,0,0,0,0,707.070707070707,0,-1.2971189354045694,-0.20928343915087172,1.1474792826768507,False
2730000,6800,2,1,1,1,0,0,0,0,0,0,2,401.47058823529414,0,-2.136470814896498,1.1570548196504482,2.4062638309328372,False
2730000,4000,3,1,2,1,0,0,0,0,1,0,2,682.5,0,-0.4644144354452162,0.22759286909929155,1.3752235867858544,False
2695000,4000,2,1,1,1,0,0,0,0,0,0,2,673.75,0,-2.041542074914394,-0.18625366496880585,1.4935361577086412,False
2660000,3934,2,1,1,1,0,0,0,0,0,0,2,676.1565836298932,0,-2.0433696584283076,-0.21146708539613984,1.4905691088319388,False
2660000,2000,2,1,2,1,0,0,0,0,0,0,1,1330.0,0,-0.923465808751164,-2.0026829679474156,1.7830274789277254,False
2660000,3630,3,3,2,0,1,0,0,0,0,0,2,732.7823691460055,2,1.3632488380702492,-0.24637799778571545,3.1402443161142144,True
2660000,2800,3,1,1,1,0,0,0,0,0,0,2,950.0,0,-1.1259196082653484,-0.9750391966088926,1.0334049613566707,False
2660000,2430,3,1,1,0,0,0,0,0,0,0,2,1094.6502057613168,0,-1.0032487003657276,-1.3272871109182764,1.1883831382713796,False
2660000,3480,2,1,1,1,0,0,0,0,1,0,1,764.3678160919541,0,-1.7106223520116532,-0.001278310591714904,1.625591274032242,False
2660000,4000,3,1,1,1,0,0,0,0,0,0,1,665.0,0,-1.3371677370769721,-0.12869923509288955,1.2320825598455307,False
2653000,3185,2,1,1,1,0,0,0,1,0,0,2,832.967032967033,0,-1.9328751288882284,-0.7058329144234022,1.3455590934931423,False
2653000,4000,3,1,2,1,0,0,0,1,0,0,2,663.25,0,-0.7566241262602201,-0.240302570632764,1.1245195148161562,False
2604000,2910,2,1,1,0,0,0,0,0,0,0,2,894.8453608247422,0,-1.8879442939341213,-0.8942637604479278,1.347766177285935,False
2590000,3600,2,1,1,1,0,0,0,0,0,0,2,719.4444444444445,0,-2.021092346818151,-0.38908490096914433,1.4373662616032825,False
2590000,4400,2,1,1,1,0,0,0,0,0,0,2,588.6363636363636,0,-2.1019392639411087,0.07996263321452807,1.6551526448835203,False
2590000,3600,2,2,2,1,0,1,0,0,1,0,0,719.4444444444445,0,-0.12941028277882308,0.10803921422183399,2.4941393516297476,False
2520000,2880,3,1,1,0,0,0,0,0,0,0,2,875.0,0,-1.1967532904975142,-0.8285699508953909,1.050833188130808,False
2520000,3180,3,1,1,0,0,0,0,0,0,0,2,792.4528301886793,0,-1.261013889443944,-0.5988193975984503,1.0793772963217934,False
2520000,3000,2,1,2,1,0,0,0,0,0,0,0,840.0,0,-1.3553897481529853,-0.8913860620922979,1.2686562911912018,False
2485000,4400,3,1,2,1,0,0,0,0,0,0,2,564.7727272727273,0,-0.8305640419521532,0.04740211634444619,1.3705397173838374,False
2485000,3000,3,1,2,0,0,0,0,0,0,0,1,828.3333333333334,0,-0.6539711641512261,-0.829141706090734,0.937909821270283,False
2450000,3210,3,1,2,1,0,1,0,0,0,0,2,763.2398753894081,0,-0.7063619919871902,-0.6565613179100215,0.9936860516508074,False
2450000,3240,2,1,1,0,1,0,0,0,1,0,2,756.1728395061729,0,-1.7344414012582536,-0.06571443182612385,1.6569802473695867,False
2450000,3000,2,1,1,1,0,0,0,0,1,0,2,816.6666666666666,0,-1.688651126456807,-0.24060040971052343,1.628832525625227,False
2450000,3500,2,1,1,1,1,0,0,0,0,0,2,700.0,0,-2.0472616428881873,-0.3901576584727913,1.4747126707477325,False
2450000,4840,2,1,2,1,0,0,0,0,0,0,2,506.198347107438,0,-1.5747222049909317,0.24039488392727038,1.7794265145282187,False
2450000,7700,2,1,1,1,0,0,0,0,0,0,2,318.1818181818182,1,-2.1626973295098852,1.5820314374010522,2.4958292107413658,False
2408000,3635,2,1,1,0,0,0,0,0,0,0,2,662.4484181568088,0,-2.076589700137991,-0.2861181082277721,1.5262763480074861,False
2380000,2475,3,1,2,1,0,0,0,0,0,0,0,961.6161616161617,0,-0.5528395908107407,-1.2132365094272952,1.0005997550965366,False
2380000,2787,4,2,2,1,0,0,0,0,0,0,0,853.9648367420165,2,1.108139823713914,-0.7830613330913031,2.1713695104146375,False
2380000,3264,2,1,1,1,0,0,0,0,0,0,2,729.1666666666666,0,-2.032959782909086,-0.5133767984813976,1.4553719448082938,False
2345000,3640,2,1,1,1,0,0,0,0,0,0,2,644.2307692307693,0,-2.094728275992437,-0.25520764359394593,1.5577019708576665,False
2310000,3180,2,1,1,1,0,0,0,0,0,0,2,726.4150943396227,0,-2.0411782171429818,-0.5361170424789864,1.4697532864190754,False
2275000,1836,2,1,1,0,0,1,0,0,0,0,1,1239.1067538126363,0,-1.6084956107061557,-1.7951474869851625,1.7673894852705923,False
2275000,3970,1,1,1,0,0,0,0,0,0,0,2,573.0478589420655,0,-2.8587746375884113,-0.07751350376802185,2.694187693007728,False
2275000,3970,3,1,2,1,0,1,0,0,0,0,2,573.0478589420655,0,-0.8499743757814414,-0.10496149198533827,1.3428600827635508,False
2240000,1950,3,1,1,0,0,0,1,0,0,0,2,1148.7179487179487,0,-0.979484876944801,-1.5694535441840871,1.3894357621846838,False
2233000,5300,3,1,1,0,0,0,0,1,0,1,2,421.3207547169811,0,-1.5000770882191774,0.6835369310993509,1.8946202932733753,False
2135000,3000,2,1,1,0,0,0,0,0,0,0,2,711.6666666666666,0,-2.067759980040295,-0.5706120213485383,1.5162900964368562,False
2100000,2400,3,1,2,1,0,0,0,0,0,0,2,875.0,0,-0.6454647257743323,-1.0982141141488841,1.065828993742968,False
2100000,3000,4,1,2,1,0,0,0,0,0,0,2,700.0,0,-0.07078273357597602,-0.5793003050632642,2.0622044274760354,False
2100000,3360,2,1,1,1,0,0,0,0,1,0,2,625.0,0,-1.859615004718417,0.18401488971785163,1.824500867885942,False
1960000,3420,5,1,2,0,0,0,0,0,0,0,2,573.0994152046784,0,0.5410075823474774,-0.19593921436231027,3.3783770003616924,True
1890000,1700,3,1,2,1,0,0,0,0,0,0,2,1111.764705882353,0,-0.45077695496025505,-1.7052982860709356,1.3462521226308213,False
1890000,3649,2,1,1,1,0,0,0,0,0,0,2,517.9501233214579,0,-2.22211946428173,-0.04924105960137576,1.8042544607622946,False
1855000,2990,2,1,1,0,0,0,0,0,1,0,2,620.4013377926422,0,-1.8881930958931032,0.07175537487462408,1.8704283953206065,False
1820000,3000,2,1,1,1,0,1,0,0,2,0,2,606.6666666666666,1,-1.628763687124893,0.5959232234974371,2.5029420626436605,False
1767150,2400,3,1,1,0,0,0,0,0,0,0,1,736.3125,0,-1.3683278837782444,-0.7607908356590756,1.3383142962588574,False
1750000,3620,2,1,1,1,0,0,0,0,0,0,2,483.42541436464086,0,-2.258981488186169,-0.003104492238347689,1.8799564213865272,False
1750000,2910,3,1,1,0,0,0,0,0,0,0,0,601.3745704467354,0,-1.4721063794976306,-0.3788855111518306,1.4736265283155388,False
1750000,3850,3,1,2,1,0,0,0,0,0,0,2,454.54545454545456,0,-0.9778219928363678,0.04678065480455368,1.6505993530989778,False
